Wavelength / um,Transmission @ 40C,Transmission @ 65C,Transmission @ 80C
1554.2158103856711,0.999864906720123,0.9972819830253548,0.9993387827722333
1554.2073474149886,0.9999216896356851,0.9970756379226895,0.999090714306194
1554.1988845364704,0.999962474938366,0.9968893902285589,0.9988067015145006
1554.1904217501144,0.9999877300556519,0.9967261271059008,0.9984895849586506
1554.1819590559198,0.9999981736161084,0.9965882623540598,0.9981428576067448
1554.1734964538846,0.9999947517913318,0.9964777100991885,0.9977706188888822
1554.165033944008,0.9999786111657184,0.996395867867268,0.9973775166631913
1554.1565715262875,0.999951068781149,0.9963436090982767,0.9969686780806453
1554.1481092007223,0.9999135800399346,0.9963212849387639,0.9965496305632624
1554.1396469673107,0.9998677051934229,0.9963287349870147,0.996126214343895
1554.1311848260514,0.999815075124447,0.99636530657487,0.9957044881110113
1554.1227227769423,0.9997573571604799,0.9964298819935935,0.9952906294770373
1554.1142608199825,0.9996962216132099,0.9965209129780676,0.9948908320454665
1554.10579895517,0.9996333096708307,0.9966364616984008,0.9945112008086737
1554.0973371825041,0.9995702032785041,0.9967742473610115,0.9941576477518245
1554.0888755019826,0.9995083974919287,0.9969316974197079,0.9938357893639554
1554.080413913604,0.9994492758088458,0.9971060024805861,0.9935508478448652
1554.071952417367,0.9993940888095104,0.9972941737218586,0.9933075575825226
1554.06349101327,0.9993439364109347,0.9974931018347021,0.9931100784761935
1554.0550297013117,0.9992997539593241,0.9976996163000543,0.9929619175112548
1554.0465684814903,0.9992623022641163,0.9979105439872658,0.9928658598788309
1554.0381073538044,0.9992321616346241,0.9981227659444125,0.9928239107784322
1554.029646318253,0.9992097298724666,0.998333271404307,0.9928372488941039
1554.0211853748337,0.9991952241034681,0.9985392080327411,0.9929061924027085
1554.0127245235456,0.9991886862607908,0.9987379275383631,0.9930301782010614
1554.0042637643871,0.9991899919234403,0.9989270259310921,0.993207754854434
1553.9958030973564,0.9991988622305911,0.9991043776821975,0.9934365897174466
1553.987342522452,0.9992148784210743,0.9992681634205502,0.9937134903228391
1553.978882039673,0.9992374986417492,0.9994168906314035,0.9940344401718089
1553.9704216490175,0.9992660765186767,0.999549407279776,0.9943946486504731
1553.961961350484,0.9992998810448003,0.9996649082348078,0.9947886147355502
1553.9535011440707,0.9993381172803422,0.9997629346294776,0.9952102038374797
1553.9450410297766,0.9993799474043205,0.9998433663524979,0.9956527369590271
1553.9365810076001,0.9994245116218106,0.9999064081209794,0.9961090910437691
1553.9281210775393,0.9994709484631346,0.9999525696062385,0.9965718091730845
1553.919661239593,0.9995184140651968,0.9999826402619418,0.9970332190772675
1553.9112014937598,0.9995660999951557,0.9999976595748973,0.9974855580651779
1553.9027418400383,0.9996132492968773,0.999998883539096,0.9979211024254379
1553.8942822784263,0.9996591704461759,0.9999877482181954,0.9983322990354828
1553.885822808923,0.9997032489693514,0.9999658312930829,0.998711896805542
1553.8773634315266,0.999744956561827,0.9999348124888064,0.9990530754751842
1553.8689041462358,0.999783857615519,0.9998964337560176,0.9993495692570717
1553.8604449530487,0.999819613033261,0.999852460191107,0.9995957825914376
1553.8519858519642,0.9998519815075896,0.9998046422773862,0.9997868958895512
1553.8435268429805,0.9998808181859061,0.9997546804401289,0.9999189585736935
1553.8350679260966,0.9999060709715718,0.9997041924308528,0.9999889675377738
1553.8266091013104,0.9999277746240283,0.9996546841596539,0.9999949291245331
1553.8181503686205,0.9999460428973223,0.9996075244692262,0.9999359031430122
1553.8096917280254,0.9999610590254312,0.9995639241957708,0.9998120278644973
1553.8012331795242,0.9999730648692977,0.9995249197912605,0.9996245252993634
1553.7927747231147,0.999982349048355,0.9994913617040075,0.9993756865716696
1553.7843163587954,0.9999892345276334,0.9994639074080132,0.9990688376383798
1553.7758580865652,0.9999940658513671,0.9994430192746896,0.9987082860154993
1553.7673999064225,0.9999971965724034,0.9994289668579213,0.9982992496782258
1553.7589418183654,0.9999989771098726,0.9994218334988664,0.9978477696062851
1553.7504838223929,0.999999743406919,0.9994215268313265,0.9973606078536579
1553.7420259185033,0.9999998066689569,0.999427792790013,0.996845133256984
1553.733568106695,0.9999994444376823,0.9994402326362908,0.9963091971196627
1553.7251103869664,0.9999988932235442,0.99945832245573,0.9957610013719805
1553.7166527593165,0.999998342855911,0.9994814345658184,0.9952089617347621
1553.7081952237436,0.9999979326770861,0.9995088602288013,0.9946615684603707
1553.6997377802456,0.9999977496361084,0.9995398330739844,0.994127247132301
1553.6912804288218,0.9999978283046157,0.9995735526063272,0.9936142219355608
1553.68282316947,0.9999981527578974,0.9996092072323643,0.9931303836232911
1553.6743660021896,0.999998660229776,0.9996459962295177,0.9926831642624315
1553.665908926978,0.9999992463859875,0.9996831501534669,0.9922794206116499
1553.6574519438348,0.9999997720265467,0.9997199492188977,0.9919253277926517
1553.6489950527575,1.0000000709733021,0.9997557392623918,0.9916262846643762
1553.6405382537455,0.9999999588917763,0.9997899449561741,0.9913868321257192
1553.6320815467964,0.9999992427401677,0.9998220800552762,0.9912105853104174
1553.6236249319093,0.9999977305502642,0.9998517544960968,0.9911001804495124
1553.6151684090823,0.9999952412226716,0.9998786782954708,0.9910572369843298
1553.6067119783147,0.9999916140124395,0.9999026622606066,0.9910823352935761
1553.598255639604,0.9999867174057574,0.9999236156109094,0.9911750102500628
1553.5897993929493,0.9999804570748902,0.9999415406986184,0.9913337606174674
1553.581343238349,0.9999727826526481,0.9999565250801739,0.9915560741560534
1553.5728871758013,0.999963693075966,0.9999687312683645,0.9918384681117275
1553.5644312053048,0.9999532403004019,0.9999783845376106,0.9921765446006371
1553.5559753268583,0.9999415312251274,0.9999857592210694,0.9925650602066106
1553.5475195404604,0.999928727725392,0.9999911639565674,0.9929980089273631
1553.539063846109,0.9999150447404644,0.9999949263591194,0.9934687174019373
1553.5306082438028,0.9999007464142763,0.9999973776238112,0.9939699511396809
1553.5221527335405,0.999886140356862,0.9999988375229697,0.9944940302886063
1553.5136973153208,0.9998715701242832,0.9999996002865796,0.995032953242283
1553.5052419891415,0.9998574060924252,0.999999921774222,0.9955785262291541
1553.4967867550015,0.9998440349265267,1.000000008353369,0.9961224968210213
1553.4883316128994,0.999831847905288,1.0000000078098275,0.9966566891590124
1553.4798765628339,0.9998212283956887,1.0000000025724873,0.9971731385731584
1553.4714216048028,0.9998125388020604,1.0000000054718685,0.9976642231859617
1553.4629667388049,0.9998061073411761,0.9999999581640804,0.9981227900628332
1553.454511964839,0.9998022150149039,0.9999997322834518,0.9985422735058181
1553.4460572829034,0.9998010831490747,0.9999991333085648,0.9989168031680065
1553.4376026929965,0.9998028618722679,0.999997907040688,0.9992412998245442
1553.4291481951168,0.9998076198879192,0.9999957485264949,0.9995115568553128
1553.420693789263,0.9998153358786963,0.9999923131698697,0.9997243057789001
1553.4122394754336,0.9998258918422026,0.9999872297284595,0.9998772645016248
1553.4037852536267,0.9998390686267571,0.9999801148157653,0.9999691673302415
1553.395331123841,0.9998545438888281,0.9999705884907325,0.9999997762107243
1553.3868770860754,0.9998718926371728,0.9999582904782777,0.9999698730603492
1553.3784231403279,0.9998905904820388,0.9999428965234082,0.9998812335266143
1553.3699692865969,0.999910019633028,0.999924134392736,0.9997365828862018
1553.3615155248813,0.9999294776414842,0.999901798991813,0.9995395352391386
1553.3530618551797,0.9999481887813826,0.9998757661521261,0.9992945174458111
1553.3446082774901,0.9999653179476391,0.9998460045605617,0.9990066796546496
1553.3361547918112,0.9999799868247294,0.9998125854549053,0.9986817944276865
1553.3277013981417,0.9999912920545954,0.9997756896781902,0.9983261467199477
1553.3192480964801,0.9999983250593919,0.9997356117872878,0.9979464170728832
1553.3107948868244,1.0000001931198732,0.9996927609691643,0.9975495604301845
1553.3023417691736,0.9999960412717118,0.9996476586020611,0.997142682993108
1553.293888743526,0.9999850745395438,0.9996009323850713,0.9967329194473077
1553.2854358098803,0.9999665800025803,0.9995533070455199,0.996327312793724
1553.2769829682345,0.9999399481768814,0.9995055917256978,0.9959326988622501
1553.2685302185876,0.9999046931780996,0.9994586642447606,0.9955555973696957
1553.2600775609378,0.999860471155596,0.9994134525081084,0.9952021112129125
1553.2516249952841,0.9998070964938975,0.9993709134285661,0.9948778354248903
1553.2431725216243,0.9997445553169761,0.9993320097960144,0.994587777003145
1553.2347201399573,0.9996730158796568,0.9992976855890626,0.9943362865793142
1553.2262678502814,0.9995928354775936,0.9992688402951625,0.9941270026547083
1553.2178156525954,0.9995045635885343,0.9992463028305476,0.9939628089150686
1553.2093635468975,0.9994089410227972,0.9992308056913607,0.993845804903136
1553.2009115331864,0.9993068949490522,0.9992229599803556,0.9937772901335895
1553.1924596114604,0.9991995297483041,0.9992232319563,0.9937577615360318
1553.1840077817183,0.9990881137365603,0.9992319217369043,0.9937869239319408
1553.1755560439583,0.9989740618926325,0.9992491447599906,0.9938637130854596
1553.167104398179,0.9988589148101813,0.9992748165712264,0.9939863307010863
1553.158652844379,0.9987443141869897,0.9993086414436003,0.9941522905993264
1553.1502013825566,0.998631975240734,0.9993501052748294,0.9943584751536338
1553.1417500127104,0.998523656517464,0.9993984731255675,0.9946012009381286
1553.1332987348387,0.9984211276240056,0.9994527916754152,0.9948762924142897
1553.1248475489408,0.9983261354721537,0.9995118967701623,0.9951791623619431
1553.1163964550142,0.9982403696635539,0.999574426134191,0.9955048976675692
1553.1079454530577,0.998165427678659,0.999638837203723,0.9958483489872179
1553.0994945430698,0.998102780548563,0.9997034299226312,0.996204222738587
1553.0910437250495,0.9980537396978838,0.9997663742302786,0.9965671738285431
1553.0825929989949,0.9980194256365175,0.9998257418424666,0.9969318974995821
1553.074142364904,0.9980007391618376,0.9998795418297666,0.9972932186870791
1553.0656918227762,0.9979983357019998,0.99992575937488,0.9976461773135192
1553.0572413726097,0.9980126033870789,0.9999623970061036,0.9979861080117405
1553.0487910144025,0.9980436453843886,0.9999875175077427,0.9983087128776
1553.0403407481535,0.9980912669678373,0.9999992876427676,0.9986101259740633
1553.0318905738613,0.9981549677188319,0.9999960217659094,0.9988869684850883
1553.0234404915248,0.9982339391738663,0.9999762243666,0.9991363936062233
1553.0149905011413,0.9983270681414528,0.9999386305726579,0.9993561204754401
1553.0065406027102,0.9984329458154739,0.9998822436488736,0.9995444566881528
1552.9980907962297,0.9985498827047439,0.999806368563895,0.9997003091911618
1552.9896410816987,0.998675929315153,0.9997106407132051,0.9998231835589447
1552.981191459115,0.9988089023323595,0.9995950491097717,0.9999131720648508
1552.9727419284775,0.9989464160978443,0.9994599531650952,0.9999709308801903
1552.964292489785,0.9990859188679803,0.9993060926626627,0.9999976473567035
1552.9558431430355,0.9992247333924391,0.9991345903788997,0.9999949982267476
1552.9473938882277,0.9993601011679146,0.9989469470952863,0.9999650998876825
1552.93894472536,0.9994892296485042,0.9987450288685814,0.9999104520294295
1552.930495654431,0.9996093416121384,0.9985310465898292,0.9998338759778935
1552.9220466754393,0.9997177257967307,0.9983075280401829,0.9997384491852273
1552.9135977883832,0.9998117878762844,0.9980772828015513,0.9996274373393043
1552.905148993261,0.9998891007983527,0.9978433605442598,0.9995042255509776
1552.896700290072,0.9999474534856976,0.997609003356824,0.9993722500385828
1552.888251678814,0.9999848969091072,0.9973775929101669,0.9992349316625361
1552.8798031594854,0.9999997865585879,0.997152593363226,0.9990956125607214
1552.8713547320851,0.9999908203877609,0.9969374910096118,0.9989574970175442
1552.8629063966118,0.9999570713731846,0.9967357317380412,0.9988235975602952
1552.8544581530632,0.9998980139261145,0.9965506574249289,0.9986966871324217
1552.8460100014386,0.9998135434926317,0.9963854424217605,0.9985792580194432
1552.8375619417359,0.9997039888217799,0.9962430312869334,0.9984734880553577
1552.8291139739542,0.9995701165100848,0.9961260789265654,0.9983812144594842
1552.8206660980914,0.9994131275954564,0.9960368942565816,0.9983039154927753
1552.8122183141463,0.999234646128176,0.9959773884703654,0.9982426999621244
1552.8037706221173,0.9990366998174599,0.9959490289188206,0.9981983044493264
1552.7953230220035,0.998821693008636,0.9959527995479274,0.998171097991413
1552.7868755138022,0.9985923724088837,0.9959891687289915,0.9981610938153717
1552.778428097513,0.9983517861198729,0.9960580652399386,0.9981679675932076
1552.769980773134,0.9981032366773689,0.9961588630096475,0.9981910816012353
1552.7615335406633,0.997850228906657,0.9962903751427372,0.9982295140482336
1552.7530864000998,0.9975964135056709,0.9964508575880179,0.9982820927806749
1552.7446393514422,0.9973455273447308,0.9966380226745046,0.9983474325035137
1552.736192394689,0.9971013315307329,0.9968490625853622,0.9984239746176564
1552.727745529838,0.9968675483152228,0.9970806826785841,0.9985100287445623
1552.7192987568883,0.9966477979470753,0.9973291443888359,0.998603815007092
1552.7108520758384,0.9964455365583734,0.9975903172750781,0.9987035061421395
1552.7024054866868,0.9962639961535242,0.9978597395942609,0.9988072685543438
1552.6939589894314,0.9961061277257385,0.9981326866035543,0.9989133014639131
1552.6855125840714,0.9959745484745142,0.9984042456188682,0.9990198733759031
1552.677066270605,0.9958714940123357,0.9986693966724144,0.9991253551578354
1552.6686200490312,0.9957987763962051,0.998923097481579,0.9992282491461777
1552.6601739193477,0.9957577486945505,0.9991603712638201,0.9993272137649566
1552.6517278815534,0.9957492767260087,0.9993763958394236,0.9994210832893495
1552.6432819356467,0.9957737184902792,0.9995665923569858,0.9995088824962789
1552.6348360816264,0.9958309117018969,0.9997267119226377,0.9995898360736726
1552.6263903194906,0.9959201697178999,0.9998529183854097,0.9996633727881443
1552.617944649238,0.9960402860333286,0.9999418655548791,0.9997291245362281
1552.609499070867,0.9961895473870099,0.9999907671825315,0.999786920523484
1552.6010535843766,0.9963657553946885,0.9999974581476792,0.9998367769272011
1552.5926081897644,0.996566256493706,0.9999604454318686,0.9998788824999777
1552.5841628870296,0.9967879798466872,0.999878947662369,0.999913580654048
1552.5757176761701,0.9970274827257058,0.9997529222211479,0.9999413486356158
1552.5672725571856,0.9972810027535219,0.999583079182744,0.9999627744589901
1552.5588275300731,0.9975445162625262,0.9993708816139386,0.9999785322907472
1552.550382594832,0.9978138018968686,0.9991185320694718,0.9999893569992934
1552.5419377514606,0.9980845084727721,0.9988289454141219,0.9999960185787088
1552.5334929999574,0.9983522260059718,0.9985057083977212,0.9999992971337834
1552.5250483403206,0.9986125587229641,0.9981530266955456,0.9999999590756088
1552.5166037725492,0.998861198802694,0.9977756603835222,0.9999987351249123
1552.5081592966417,0.9990939995426155,0.9973788490583944,0.99999630065364
1552.4997149125961,0.9993070466173583,0.9969682280043006,0.9999932588151722
1552.4912706204111,0.9994967260979963,0.996549736975338,0.99999012682732
1552.4828264200855,0.9996597879328752,0.9961295232774632,0.9999873256787583
1552.4743823116178,0.9997934036461756,0.9957138409147784,0.9999851734245472
1552.4659382950058,0.9998952171064625,0.9953089475987613,0.9999838821410625
1552.4574943702487,0.9999633873332059,0.9949210014190178,0.9999835585049559
1552.4490505373449,0.9999966224565543,0.9945559589368997,0.9999842078622891
1552.4406067962927,0.9999942041193943,0.9942194763943378,0.999985741564185
1552.4321631470907,0.9999560017970083,0.9939168156389024,0.9999879872549805
1552.4237195897374,0.9998824767189747,0.9936527562524626,0.9999907017246278
1552.4152761242312,0.9997746752901647,0.9934315152412139,0.9999935858700886
1552.406832750571,0.9996342121282535,0.993256675503792,0.9999963012572728
1552.3983894687549,0.9994632430470097,0.9931311241501045,0.9999984877340383
1552.3899462787813,0.999264428522801,0.9930570015881783,0.9999997815179593
1552.381503180649,0.9990408883722802,0.9930356621404056,0.9999998331848948
1552.3730601743566,0.9987961485325306,0.9930676468057277,0.9999983249468637
1552.3646172599022,0.9985340809976494,0.9931526686054148,0.9999949867142423
1552.3561744372844,0.9982588380630698,0.9932896108180993,0.9999896103675706
1552.3477317065021,0.9979747821352185,0.9934765382298466,0.9999820617998549
1552.3392890675534,0.9976864124167452,0.9937107213680211,0.9999722903124336
1552.3308465204368,0.9973982898076146,0.9939886735210208,0.9999603350343247
1552.322404065151,0.9971149613649604,0.9943062001684855,0.9999463281177385
1552.3139617016946,0.9968408856387027,0.9946584602688429,0.9999304945553955
1552.3055194300655,0.996580360149341,0.995040038667076,0.9999131485608368
1552.2970772502629,0.9963374522066344,0.995445028692904,0.9998946865525437
1552.288635162285,0.9961159341742949,0.9958671238347188,0.9998755768805715
1552.2801931661304,0.9959192241888987,0.9962997171801027,0.9998563465321961
1552.2717512617974,0.9957503332225713,0.9967360071363328,0.9998375651416872
1552.2633094492846,0.9956118192580621,0.9971691077725523,0.9998198267145452
1552.2548677285904,0.9955057492175299,0.9975921619764456,0.9998037295468103
1552.246426099714,0.995433669155386,0.9979984554908883,0.9997898548851397
1552.2379845626529,0.995396583090321,0.9983815298082439,0.9997787449156037
1552.229543117406,0.995394940723868,0.9987352918408674,0.9997708807076809
1552.2211017639718,0.9954286341555397,0.9990541182847561,0.9997666607535005
1552.212660502349,0.9954970035764343,0.999332952631325,0.9997663807438804
1552.204219332536,0.9955988517953042,0.9995673928764028,0.9997702152106493
1552.195778254531,0.995732467321868,0.9997537681249251,0.9997782016320557
1552.1873372683328,0.9958956556106349,0.9998892024877889,0.9997902275532194
1552.1788963739402,0.9960857779484023,0.9999716649150657,0.9998060212137151
1552.170455571351,0.9962997973515046,1.000000003900326,0.9998251461002007
1552.1620148605643,0.9965343307306249,0.9999739663139667,0.9998469997570889
1552.1535742415783,0.9967857064786605,0.9998941999708982,0.9998708170917529
1552.1451337143915,0.9970500265400356,0.9997622399010676,0.9998956783041895
1552.1366932790024,0.9973232319415732,0.9995804786488133,0.9999205214623729
1552.1282529354096,0.9976011706907939,0.9993521212830621,0.9999441596263361
1552.1198126836116,0.9978796668954248,0.9990811261248326,0.9999653023070351
1552.1113725236069,0.9981545899209713,0.9987721324977767,0.9999825809302506
1552.1029324553938,0.9984219223861742,0.998430377061372,0.9999945778617809
1552.094492478971,0.9986778258032348,0.9980616004950399,0.9999998584433536
1552.0860525943374,0.9989187026981138,0.9976719464588915,0.9999970053917099
1552.0776128014907,0.9991412541013593,0.9972678548581307,0.9999846548264893
1552.0691731004297,0.9993425313785369,0.9968559514892336,0.9999615331223388
1552.0607334911529,0.9995199814714874,0.9964429361447573,0.9999264937253353
1552.0522939736593,0.9996714847477596,0.9960354712067595,0.9998785530383254
1552.0438545479467,0.9997953847996076,0.9956400726689665,0.9998169244679512
1552.035415214014,0.9998905096952663,0.9952630054074671,0.9997410497317467
1552.0269759718594,0.9999561843593092,0.9949101843672191,0.9996506265561986
1552.018536821482,0.99999223394159,0.9945870831622264,0.9995456319520679
1552.0100977628797,0.9999989782169738,0.9942986514029811,0.9994263403270882
1552.001658796051,0.9999772172450561,0.9940492418713726,0.9992933357962781
1551.9932199209948,0.9999282086921935,0.9938425484677197,0.9991475181643832
1551.9847811377097,0.9998536373854343,0.9936815556626222,0.998990102186655
1551.9763424461935,0.9997555778144741,0.9935684999922676,0.9988226098595216
1551.967903846445,0.9996364504303814,0.9935048439545068,0.9986468556455603
1551.9594653384631,0.9994989726927926,0.9934912624820864,0.9984649246960035
1551.9510269222462,0.9993461059014154,0.9935276420022562,0.998279144292061
1551.9425885977923,0.9991809989045732,0.9936130919209915,0.9980920488862521
1551.9341503651003,0.9990069298058748,0.9937459682180932,0.9979063392701563
1551.9257122241688,0.9988272467975354,0.9939239086789453,0.9977248365360741
1551.917274174996,0.998645309228345,0.9941438791422771,0.9975504316248985
1551.9088362175805,0.9984644299747251,0.9944022299947206,0.9973860313598186
1551.9003983519208,0.9982878201217301,0.9946947620015676,0.9972345019558935
1551.8919605780156,0.9981185368838618,0.9950168004242858,0.9970986110662641
1551.8835228958633,0.9979594356036017,0.9953632762461041,0.9969809694733995
1551.875085305462,0.9978131265614403,0.9957288132018711,0.9968839735648973
1551.8666478068108,0.9976819372215322,0.9961078192012616,0.9968097497399181
1551.858210399908,0.9975678804168243,0.9964945806378874,0.9967601018801643
1551.849773084752,0.9974726288595369,0.9968833580028676,0.9967364629897415
1551.8413358613413,0.9973974962387427,0.9972684811707444,0.9967398520562057
1551.8328987296745,0.9973434250485314,0.9976444427022516,0.9967708371203042
1551.8244616897503,0.9973109811692997,0.9980059875179833,0.9968295054555307
1551.8160247415667,0.9973003551127627,0.9983481973379377,0.9969154416608722
1551.8075878851225,0.9973113697309192,0.998666568362523,0.9970277143551426
1551.7991511204161,0.9973434940870064,0.998957080784409,0.9971648720326773
1551.7907144474466,0.997395863090525,0.9992162588720247,0.9973249484982818
1551.7822778662114,0.9974673024105642,0.9994412205489575,0.9975054781459253
1551.77384137671,0.9975563581036401,0.9996297156072319,0.9977035211783694
1551.76540497894,0.9976613303227821,0.9997801519296169,0.9979156986902381
1551.7569686729012,0.9977803104166848,0.9998916093516682,0.998138237350644
1551.7485324585907,0.9979112206811974,0.9999638410588575,0.9983670232302154
1551.7400963360076,0.9980518559918397,0.9999972626827602,0.9985976641218791
1551.7316603051509,0.9981999265235085,0.999992929522836,0.9988255595078553
1551.723224366018,0.9983531007578976,0.9999525025676795,0.9990459771333943
1551.7147885186084,0.9985090479845252,0.9998782042192477,0.9992541349635815
1551.70635276292,0.9986654795232645,0.9997727648230224,0.9994452871306381
1551.6979170989518,0.9988201879310542,0.9996393612764359,0.9996148123278905
1551.689481526702,0.9989710835055662,0.9994815491192525,0.9997583029843756
1551.6810460461688,0.9991162274611941,0.9993031896057291,0.9998716534596369
1551.6726106573512,0.999253861228049,0.9991083733103033,0.9999511454448289
1551.664175360248,0.9993824314113593,0.998901341838434,0.9999935287408861
1551.6557401548569,0.9995006100431392,0.9986864091910631,0.9999960956165624
1551.6473050411767,0.9996073098616839,0.9984678842804151,0.9999567470258118
1551.6388700192058,0.99970169446034,0.9982499960078011,0.9998740490930469
1551.6304350889434,0.999783183256659,0.998036822209835,0.9997472784403285
1551.622000250387,0.9998514513417809,0.9978322236448599,0.9995764551520117
1551.6135655035357,0.999906424375094,0.9976397840496477,0.9993623624169777
1551.6051308483877,0.9999482687885214,0.9974627571373184,0.9991065521743412
1551.596696284942,0.9999773776574057,0.9973040212445432,0.9988113363901521
1551.5882618131968,0.9999943526746419,0.9971660421691645,0.9984797639056034
1551.5798274331503,0.9999999827411793,0.9970508445629853,0.998115583131758
1551.5713931448015,0.9999952197194398,0.9969599921135602,0.9977231911215847
1551.5629589481487,0.9999811519837442,0.9968945765221688,0.9973075699494475
1551.5545248431904,0.9999589763711637,0.9968552152167245,0.9968742114634547
1551.5460908299249,0.9999299691934175,0.9968420575269181,0.9964290318158496
1551.5376569083514,0.999895456945539,0.9968547989481478,0.9959782773199937
1551.5292230784676,0.9998567873346433,0.9968927029864479,0.9955284233516739
1551.5207893402721,0.9998153012216712,0.996954629965233,0.9950860681211321
1551.512355693764,0.999772306027326,0.9970390720737662,0.9946578232077027
1551.5039221389413,0.9997290510983998,0.9971441938485563,0.9942502027761292
1551.4954886758028,0.9996867054724738,0.9972678772057412,0.9938695133758789
1551.4870553043465,0.9996463384071435,0.9974077700808425,0.9935217461814654
1551.4786220245715,0.9996089029693419,0.997561337690144,0.9932124734501528
1551.4701888364762,0.9995752229007306,0.9977259153974344,0.9929467508765067
1551.4617557400586,0.9995459828976977,0.9978987621630188,0.9927290274005498
1551.4533227353177,0.9995217223652337,0.9980771135541417,0.9925630638968648
1551.4448898222518,0.9995028326266745,0.9982582333273343,0.9924518620270034
1551.4364570008597,0.9994895574970286,0.9984394626331901,0.9923976043908576
1551.4280242711395,0.9994819970585332,0.9986182659598316,0.992401606959543
1551.4195916330898,0.999480114412667,0.9987922730097554,0.992464284615865
1551.4111590867092,0.9994837451266072,0.9989593158021777,0.9925851304706009
1551.4027266319965,0.9994926090423264,0.9991174604039013,0.9927627094581926
1551.3942942689498,0.9995063240769161,0.9992650328147311,0.9929946665474916
1551.3858619975674,0.9995244216100201,0.9994006386660531,0.9932777497271607
1551.3774298178485,0.9995463630341019,0.9995231765297332,0.9936078477388529
1551.368997729791,0.9995715570300049,0.999631844777806,0.9939800423339255
1551.3605657333937,0.999599377130087,0.9997261420710757,0.9943886746217345
1551.352133828655,0.9996291791373461,0.9998058616956871,0.9948274248527552
1551.3437020155734,0.9996603179884473,0.9998710800929751,0.9952894047482516
1551.3352702941477,0.9996921636751449,0.9999221400464102,0.9957672612444118
1551.3268386643758,0.999724115873083,0.9999596290948246,0.9962532902719652
1551.3184071262565,0.9997556169709428,0.9999843538278916,0.9967395589440196
1551.3099756797887,0.9997861632418132,0.9999973107901712,0.9972180342890209
1551.3015443249703,0.9998153139521185,0.9999996547704059,0.9976807164424782
1551.2931130618,0.9998426982638174,0.9999926652831482,0.9981197740174234
1551.2846818902767,0.9998680198426311,0.999977712060151,0.9985276792161303
1551.2762508103986,0.999891059150491,0.9999562203591794,0.9988973401346865
1551.2678198221638,0.9999116734571433,0.9999296368713654,0.9992222276573435
1551.2593889255713,0.9999297946665499,0.9998993969614501,0.99949649434606
1551.2509581206195,0.999945425108346,0.9998668939168459,0.9997150828097291
1551.2425274073073,0.9999586314931068,0.9998334508072102,0.9998738211868206
1551.2340967856323,0.999969537275187,0.9998002954722809,0.9999695035984706
1551.2256662555938,0.9999783137027943,0.9997685390631829,0.9999999537188647
1551.2172358171897,0.9999851698632062,0.9997391584638482,0.999964069962188
1551.2088054704193,0.9999903420505238,0.9997129828167342,0.9998618511880647
1551.2003752152802,0.9999940827947744,0.9996906842740955,0.9996944022698003
1551.1919450517714,0.9999966498919898,0.9996727729940937,0.9994639193322717
1551.1835149798915,0.9999982957680159,0.999659596300696,0.9991736549401934
1551.175084999639,0.9999992574914954,0.9996513418359343,0.9988278639748481
1551.166655111012,0.9999997477312166,0.9996480444390975,0.9984317313779394
1551.158225314009,0.9999999469137162,0.999649596421113,0.9979912833279186
1551.1497956086291,0.9999999968084786,0.9996557608206686,0.9975132837632366
1551.1413659948707,0.9999999957167272,0.9996661871812124,0.9970051184394133
1551.132936472732,0.9999999953951855,0.9996804293390397,0.9964746689194969
1551.1245070422112,0.999999999795159,0.9996979646812242,0.9959301790352486
1551.1160777033076,0.999999965641686,0.9997182143134141,0.9953801164229904
1551.107648456019,0.999999804827519,0.9997405635734021,0.9948330317391247
1551.0992193003442,0.9999993885403341,0.999764382333281,0.9942974180984586
1551.090790236282,0.9999985529933757,0.999789044557049,0.9937815731650106
1551.0823612638305,0.9999971065822675,0.9998139466136321,0.9932934661680124
1551.0739323829882,0.9999948382467564,0.9998385238920088,0.9928406119247611
1551.0655035937539,0.9999915267821324,0.9998622653225969,0.9924299537401454
1551.0570748961256,0.9999869508114497,0.9998847254747364,0.9920677568224086
1551.0486462901026,0.9999808991109068,0.9999055339729813,0.9917595136270332
1551.0402177756828,0.9999731809627741,0.9999244020550372,0.99150986230417
1551.0317893528647,0.9999636362066061,0.9999411261757106,0.9913225192040486
1551.023361021647,0.9999521446615677,0.9999555886453635,0.9912002261776318
1551.0149327820284,0.9999386346047674,0.9999677553740154,0.9911447132056063
1551.0065046340071,0.9999230900110034,0.9999776708729694,0.9911566766949594
1550.9980765775815,0.9999055562887261,0.9999854507394781,0.9912357735984262
1550.9896486127502,0.9998861442828076,0.9999912719190269,0.9913806313339318
1550.9812207395123,0.999865032359096,0.9999953610981733,0.9915888733086377
1550.9727929578655,0.9998424664335915,0.9999979816302448,0.9918571596781932
1550.9643652678085,0.9998187578642859,0.9999994194331757,0.9921812427989617
1550.9559376693398,0.9997942791781295,0.9999999683256955,0.9925560366496429
1550.9475101624587,0.999769457667164,0.999999915277999,0.9929756993164486
1550.9390827471625,0.9997447669435768,0.9999995260560048,0.9934337274433267
1550.9306554234502,0.9997207166039247,0.999999031721983,0.9939230613560754
1550.9222281913208,0.9996978402053996,0.9999986164306727,0.9944361993709104
1550.9138010507718,0.9996766818104781,0.9999984069222921,0.9949653196081344
1550.9053740018026,0.9996577813994595,0.9999984640648124,0.995502407445589
1550.896947044411,0.9996416594918125,0.9999987767414327,0.9960393865823097
1550.8885201785965,0.9996288013472956,0.9999992583128354,0.9965682515396692
1550.8800934043566,0.9996196411413342,0.9999997458112174,0.9970811993201485
1550.8716667216902,0.9996145465241545,1.0000000019473307,0.9975707578760412
1550.8632401305956,0.9996138039757271,0.9999997199305521,0.9980299090238935
1550.854813631072,0.9996176053663289,0.9999985310224588,0.9984522034779768
1550.846387223117,0.9996260361153267,0.9999960146636365,0.9988318657728619
1550.8379609067297,0.999639065317933,0.9999917109383082,0.9991638870044326
1550.8295346819084,0.9996565381757869,0.9999851350676139,0.9994441035377604
1550.8211085486519,0.9996781710249308,0.9999757935597727,0.9996692601057755
1550.812682506958,0.9997035492047106,0.999963201587132,0.9998370560501454
1550.8042565568257,0.9997321279539015,0.9999469011152298,0.9999461738214029
1550.7958306982534,0.9997632364562331,0.9999264792739813,0.9999962892544899
1550.7874049312402,0.999796085090175,0.9999015864397458,0.9999880635479118
1550.7789792557837,0.999829775864574,0.9998719534873947,0.9999231172915383
1550.7705536718827,0.9998633159480836,0.9998374076803717,0.9998039872923048
1550.762128179536,0.9998956341254236,0.9997978866832633,0.9996340673261578
1550.7537027787419,0.9999255999390306,0.9997534502187352,0.9994175342853397
1550.7452774694987,0.9999520452035432,0.9997042889373621,0.9991592614832625
1550.736852251805,0.9999737875136914,0.9996507301280788,0.9988647211168411
1550.7284271256597,0.9999896553042485,0.9995932399708163,0.9985398780612934
1550.7200020910611,0.9999985139684022,0.9995324221115918,0.9981910772846506
1550.7115771480073,0.9999992924956689,0.9994690124297527,0.997824927220336
1550.7031522964974,0.9999910100580026,0.9994038699612522,0.9974481814231448
1550.6947275365299,0.9999728019506451,0.999337964037563,0.9970676207707396
1550.6863028681025,0.9999439442865243,0.999272357798737,0.9966899383583835
1550.6778782912145,0.9999038768482152,0.9992081883331504,0.9963216290796392
1550.6694538058641,0.9998522235210172,0.9991466437896117,0.9959688857022923
1550.6610294120503,0.9997888097652231,0.999088937890652,0.9956375030377212
1550.6526051097708,0.999713676631866,0.9990362823540817,0.995332791577982
1550.6441808990244,0.9996270908892518,0.9989898577935692,0.9950595017449946
1550.6357567798098,0.9995295508963303,0.9989507837269259,0.9948217596563982
1550.6273327521258,0.999421787946106,0.9989200883574193,0.9946230150899487
1550.6189088159701,0.9993047628889662,0.9988986788244563,0.9944660020980204
1550.6104849713417,0.9991796579464938,0.9988873126302606,0.9943527125144032
1550.602061218239,0.9990478637255515,0.9988865709480498,0.9942843823904569
1550.5936375566607,0.9989109615464482,0.9988968344988736,0.9942614912099288
1550.5852139866051,0.9987707013004256,0.9989182626527945,0.9942837735497223
1550.5767905080709,0.9986289751501374,0.9989507763631078,0.9943502426893432
1550.568367121056,0.9984877874801983,0.9989940454818591,0.9944592255139674
1550.5599438255601,0.9983492215893072,0.9990474809313832,0.9946084079096882
1550.5515206215805,0.9982154036914943,0.9991102321208352,0.9947948897142658
1550.5430975091163,0.9980884648582026,0.9991811899008687,0.9950152481604709
1550.5346744881658,0.9979705015851993,0.9992589952421688,0.9952656086342273
1550.526251558728,0.9978635357072096,0.9993420537114308,0.9955417214677797
1550.5178287208007,0.9977694744089689,0.9994285556960888,0.9958390433996006
1550.5094059743828,0.9976900710929364,0.9995165022057376,0.9961528222611054
1550.5009833194729,0.9976268878620177,0.9996037359508118,0.996478183397269
1550.4925607560692,0.9975812603601187,0.9996879772729349,0.996810216298525
1550.4841382841703,0.9975542656849204,0.9997668643781603,0.9971440599139916
1550.4757159037747,0.9975466940464549,0.999837997206206,0.9974749851394165
1550.4672936148813,0.9975590247926801,0.9998989841612055,0.9977984730212618
1550.4588714174881,0.9975914073595584,0.9999474908323959,0.9981102873009281
1550.4504493115937,0.9976436476291398,0.9999812897524395,0.9984065400325648
1550.4420272971968,0.9977152000978095,0.999998310177244,0.9986837491489142
1550.433605374296,0.9978051661635572,0.9999966868295224,0.9989388870158288
1550.4251835428893,0.9979122987438773,0.9999748065285691,0.9991694192079775
1550.4167618029758,0.9980350133303318,0.999931351634161,0.9993733329472758
1550.4083401545533,0.9981714054744979,0.999865339264593,0.9995491548709486
1550.3999185976213,0.9983192745864561,0.9997761553051703,0.9996959580272475
1550.3914971321776,0.9984761538079184,0.9996635823087687,0.9998133582305414
1550.3830757582207,0.9986393456047843,0.9995278204960406,0.9999015001364909
1550.3746544757494,0.998805962605568,0.9993695011944618,0.9999610336124105
1550.366233284762,0.9989729730973328,0.9991896922038919,0.9999930811785996
1550.3578121852572,0.9991372504821547,0.9989898947407252,0.9999991974691115
1550.3493911772334,0.9992956258955595,0.998772031789744,0.9999813218096506
1550.3409702606891,0.9994449430986461,0.9985384278734205,0.9999417251240059
1550.332549435623,0.9995821146786347,0.9982917804330264,0.9998829524655529
1550.324128702033,0.9997041785333157,0.9980351231957235,0.9998077625162544
1550.3157080599183,0.9998083535725587,0.9977717820734796,0.9997190654131131
1550.3072875092773,0.9998920935517684,0.9975053242994165,0.9996198602413654
1550.2988670501081,0.9999531379539032,0.997239501649945,0.9995131734880766
1550.2904466824095,0.9999895588661907,0.9969781887250597,0.9994019996730624
1550.2820264061802,0.999999802848158,0.9967253173620305,0.999289245276075
1550.2736062214185,0.9999827268675769,0.9964848083362774,0.9991776769605839
1550.2651861281227,0.9999376274795683,0.9962605015606494,0.99906987496045
1550.2567661262915,0.9998642625492116,0.9960560860252535,0.9989681923503768
1550.2483462159234,0.9997628649588414,0.9958750307311226,0.9988747207676603
1550.2399263970171,0.9996341478994816,0.9957205178588336,0.9987912629960988
1550.231506669571,0.9994793015149755,0.9955953793815465,0.9987193126659499
1550.2230870335832,0.9992999808439424,0.9955020382824505,0.998660041168511
1550.2146674890528,0.9990982851834656,0.9954424554707616,0.9986142917349182
1550.2062480359782,0.9988767291739515,0.9954180834093166,0.9985825804870777
1550.1978286743577,0.9986382060736855,0.9954298273739901,0.9985651041361288
1550.1894094041895,0.9983859438496548,0.995478015159146,0.9985617538835592
1550.180990225473,0.998123454851409,0.9955623759269341,0.9985721349712284
1550.172571138206,0.997854479959188,0.99568202877315,0.9985955912339364
1550.1641521423871,0.997582928198187,0.9958354814451256,0.998631233926388
1550.155733238015,0.9973128128925396,0.9960206395012293,0.9986779740389422
1550.1473144250883,0.9970481854842953,0.9962348260487732,0.9987345572644456
1550.1388957036054,0.9967930681789221,0.9964748120326324,0.9987996007552195
1550.1304770735646,0.9965513865855027,0.9967368568745721,0.9988716307971286
1550.1220585349645,0.9963269035084048,0.9970167590871027,0.9989491205345647
1550.1136400878036,0.9961231550145011,0.9973099163005605,0.9990305269076069
1550.105221732081,0.9959433898520362,0.9976113939551146,0.9991143260043175
1550.0968034677942,0.9957905132288423,0.9979160017244979,0.999199046090889
1550.0883852949423,0.995667035881917,0.9982183765548378,0.9992832976574133
1550.079967213524,0.9955750292794253,0.998513071027934,0.9993657999052064
1550.0715492235372,0.9955160876966243,0.9987946455991404,0.9994454032012027
1550.0631313249808,0.9954912978022178,0.9990577631192615,0.9995211071357585
1550.0547135178533,0.9955012162783202,0.9992972839354314,0.9995920739348434
1550.0462958021533,0.9955458558788516,0.9995083597818293,0.9996576370983192
1550.037878177879,0.9956246802115845,0.9996865246243396,0.9997173052571616
1550.029460645029,0.995736607400934,0.9998277806185822,0.9997707613601474
1550.021043203602,0.9958800226631026,0.9999286773781658,0.9998178574144033
1550.0126258535965,0.9960527996924037,0.9999863828362693,0.9998586051092804
1550.0042085950108,0.9962523306258779,0.9999987441175899,0.9998931627466547
1549.9957914278436,0.9964755642192383,0.999964337012109,0.9999218189826988
1549.9873743520932,0.9967190517331967,0.999882502865388,0.9999449739517408
1549.9789573677585,0.9969789998962818,0.9997533719526192,0.9999631183936473
1549.9705404748377,0.9972513301817464,0.9995778726894509,0.9999768114384179
1549.9621236733292,0.9975317435099157,0.9993577263397355,0.9999866577154422
1549.9537069632318,0.9978157893745623,0.9990954271926875,0.9999932844559717
1549.945290344544,0.9980989382834982,0.9987942085041797,0.9999973192320823
1549.9368738172639,0.9983766563171723,0.998457994801841,0.9999993689442902
1549.9284573813904,0.998644480532777,0.9980913414467638,1.0000000006159293
1549.920041036922,0.9988980938941694,0.997699362604049,0.999999724488918
1549.9116247838572,0.999133398378384,0.9972876490081358,0.999998979839515
1549.9032086221944,0.99934658491178,0.9968621770926972,0.9999981238485334
1549.894792551932,0.9995341988170868,0.9964292112055461,0.9999974237668154
1549.886376573069,0.9996931995130622,0.995995200726238,0.999997052521421
1549.8779606856033,0.9998210132987894,0.99556667396235,0.9999970878088145
1549.8695448895337,0.9999155781733182,0.9951501307129723,0.9999975146223692
1549.8611291848586,0.9999753797898532,0.9947519353622223,0.9999982310651593
1549.852713571577,0.9999994778143889,0.9943782123047874,0.9999990572083937
1549.8442980496868,0.9999875221519979,0.9940347454146303,0.9999997466704182
1549.8358826191866,0.9999397587086243,0.9937268831552529,1.0000000005157283
1549.827467280075,0.9998570245766705,0.993459450793348,0.9999994830111956
1549.819052032351,0.9997407327475135,0.9932366710370925,0.9999978387191103
1549.8106368760125,0.999592846675322,0.9930620942597075,0.9999947103751582
1549.802221811058,0.9994158452213789,0.9929385393130562,0.9999897569707413
1549.793806837486,0.9992126787006554,0.9928680457734156,0.9999826714533525
1549.7853919552958,0.9989867169259092,0.9928518382981297,0.9999731974661913
1549.7769771644848,0.9987416902913755,0.9928903036115014,0.9999611445720515
1549.7685624650524,0.9984816250595349,0.9929829804764176,0.9999464014454245
1549.7601478569964,0.9982107741042855,0.993128562847224,0.9999289465702133
1549.751733340316,0.9979335444263155,0.9933249162357354,0.9999088560463744
1549.743318915009,0.9976544227840909,0.9935691071582026,0.9998863081889423
1549.7349045810745,0.9973779007867213,0.9938574453601103,0.9998615846877984
1549.7264903385105,0.997108400767691,0.9941855383436944,0.9998350681940994
1549.7180761873162,0.9968502037078909,0.9945483575422218,0.9998072362977453
1549.7096621274895,0.9966073804033133,0.994940315303702,0.9997786519630637
1549.701248159029,0.9963837269834439,0.9953553516592678,0.9997499505914211
1549.6928342819338,0.9961827057801975,0.9957870296674812,0.9997218239780099
1549.6844204962017,0.996007392431559,0.99622863794225,0.9996950015225926
1549.6760068018311,0.9958604299795769,0.9966732988001396,0.9996702291393961
1549.6675931988211,0.9957439905917099,0.997114080304879,0.9996482463849125
1549.6591796871703,0.995659745402018,0.997544110349266,0.9996297623844125
1549.6507662668766,0.9956088428345984,0.9979566908061974,0.9996154311880133
1549.6423529379388,0.9955918956360703,0.9983454097068415,0.9996058272180931
1549.6339397003553,0.9956089767132436,0.9987042493709574,0.9996014214902488
1549.625526554125,0.9956596237396418,0.9990276884281538,0.9996025592895367
1549.617113499246,0.9957428523689061,0.9993107957329692,0.9996094399693475
1549.608700535717,0.9958571777670856,0.9995493142929386,0.9996220995089442
1549.6002876635362,0.9960006440575206,0.9997397334974618,0.9996403964182228
1549.5918748827028,0.9961708611548422,0.9998793481540055,0.9996640015152307
1549.5834621932145,0.9963650483557744,0.9999663031021306,0.9996923920270951
1549.5750495950704,0.9965800839506621,0.9999996224776233,0.9997248503735787
1549.5666370882686,0.9968125600226424,0.9999792230322869,0.9997604678952102
1549.5582246728084,0.9970588415166525,0.999905911265144,0.9997981536737284
1549.5498123486873,0.9973151285843981,0.9997813644804413,0.9998366484821286
1549.541400115904,0.9975775211495794,0.9996080962434368,0.9998745437717407
1549.5329879744577,0.997842084591152,0.9993894070451341,0.9999103054852587
1549.5245759243464,0.998104915414038,0.999129321300508,0.999942302355677
1549.5161639655687,0.9983622057664033,0.9988325120829309,0.999968838230472
1549.5077520981229,0.9986103056743069,0.9985042152320804,0.9999881878425543
1549.4993403220078,0.9988457818982933,0.9981501346577659,0.9999986353429573
1549.490928637222,0.9990654723717862,0.9977763407967196,0.9999985148117069
1549.4825170437637,0.9992665352609076,0.9973891642568637,0.9999862518840789
1549.4741055416314,0.9994464917853831,0.9969950867141173,0.9999604055641614
1549.4656941308242,0.9996032620605738,0.9966006311032901,0.999919709253868
1549.4572828113396,0.9997351933594715,0.9962122530818829,0.9998631100043396
1549.448871583177,0.9998410803463665,0.9958362356396574,0.9997898049980409
1549.4404604463346,0.9999201769980427,0.9954785885931023,0.9996992742973277
1549.432049400811,0.9999722000990007,0.9951449545437908,0.9995913089466428
1549.4236384466044,0.9999973243700644,0.994840522700647,0.9994660335913798
1549.4152275837137,0.9999961694601157,0.9945699517787304,0.9993239228769898
1549.406816812137,0.9999697791943565,0.9943373029884638,0.9991658110122232
1549.3984061318736,0.9999195936240068,0.9941459839352853,0.9989928940187454
1549.389995542921,0.9998474145592345,0.9939987040534484,0.9988067243451242
1549.3815850452784,0.9997553653853521,0.9938974420074856,0.9986091976872905
1549.373174638944,0.9996458460587769,0.9938434253130478,0.9984025320286488
1549.3647643239165,0.9995214842540433,0.9938371222514089,0.9981892390884137
1549.3563541001943,0.9993850836831341,0.9938782459836593,0.9979720885362181
1549.3479439677758,0.9992395706337436,0.993965770609652,0.997754065495658
1549.3395339266597,0.999087939776915,0.9940979587597981,0.9975383220130706
1549.3311239768448,0.9989332002735912,0.9942724001598188,0.9973281233065203
1549.322714118329,0.998778323169167,0.9944860604634365,0.9971267897303197
1549.314304351111,0.9986261910065842,0.9947353395094471,0.9969376354939345
1549.3058946751896,0.9984795505131776,0.9950161380268987,0.9967639052528982
1549.2974850905632,0.998340969128405,0.9953239316860015,0.9966087097495706
1549.28907559723,0.9982127960404819,0.9956538512763733,0.9964749617161561
1549.2806661951888,0.9980971282940816,0.9960007676881683,0.9963653132681485
1549.2722568844383,0.9979957824181712,0.9963593802811841,0.9962820960081168
1549.2638476649765,0.9979102719096663,0.9967243071541652,0.996227265032612
1549.2554385368023,0.9978417907912481,0.9970901757741217,0.9962023479890592
1549.247029499914,0.9977912033477495,0.9974517124007114,0.9962084002638659
1549.2386205543105,0.9977590400359237,0.9978038287374843,0.9962459673046404
1549.23021169999,0.9977454994486049,0.9981417042827938,0.9963150549786258
1549.2218029369506,0.9977504561199366,0.9984608629070156,0.9964151087633617
1549.2133942651915,0.9977734738572032,0.9987572422909806,0.9965450024368068
1549.2049856847113,0.997813824198892,0.9990272549857339,0.9967030367968918
1549.1965771955079,0.9978705095201819,0.9992678400189724,0.9968869487887896
1549.18816879758,0.9979422902361421,0.9994765041638146,0.997093931253989
1549.1797604909261,0.9980277154944975,0.9996513521994804,0.9973206633399808
1549.1713522755454,0.9981251567009972,0.9997911057266906,0.9975633514225678
1549.1629441514353,0.9982328431839165,0.9998951103447545,0.9978177801980498
1549.154536118595,0.9983488992801364,0.9999633312462117,0.9980793734000077
1549.1461281770228,0.9984713821134485,0.9999963375324168,0.9983432633905227
1549.1377203267177,0.9985983193377268,0.9999952757892379,0.9986043686681475
1549.1293125676773,0.9987277461326245,0.9999618336826208,0.9988574781352683
1549.1209048999008,0.9988577407674966,0.9998981945311418,0.9990973407732096
1549.1124973233864,0.9989864580916781,0.9998069839817507,0.9993187591995534
1549.1040898381332,0.9991121603616664,0.9996912100516174,0.9995166854258504
1549.0956824441387,0.999233244881684,0.9995541979022342,0.9996863170086765
1549.0872751414022,0.9993482680095795,0.9993995207770978,0.9998231916968979
1549.078867929922,0.9994559651629221,0.9992309285657162,0.9999232786259391
1549.0704608096967,0.9995552665514442,0.9990522754506692,0.9999830641077537
1549.0620537807245,0.9996453084568722,0.9988674480578235,0.999999630107927
1549.0536468430041,0.999725439978347,0.9986802954633968,0.9999707235986949
1549.0452399965343,0.9997952252607673,0.998494562317499,0.9998948151231914
1549.0368332413132,0.9998544413169353,0.9983138262312647,0.9997711451022554
1549.0284265773394,0.9999030716477771,0.9981414404426238,0.9995997566563659
1549.0200200046113,0.9999412959475619,0.9979804826313825,0.9993815139943221
1549.011613523128,0.9999694762582123,0.9978337106013156,0.9991181057296865
1549.0032071328874,0.9999881400019102,0.9977035253893338,0.9988120328175804
1548.9948008338883,0.9999979603751151,0.9975919422011411,0.9984665811438129
1548.986394626129,0.9999997346289288,0.9975005694153802,0.9980857791407947
1548.9779885096084,0.9999943607879118,0.9974305957432827,0.9976743411304636
1548.9695824843247,0.9999828133744387,0.9973827854821641,0.9972375974049517
1548.9611765502764,0.9999661187069426,0.9973574816609181,0.9967814123289225
1548.952770707462,0.9999453303272461,0.9973546167430788,0.9963120919872845
1548.9443649558802,0.9999215050897186,0.997373730431957,0.9958362830960961
1548.9359592955295,0.9998956804083234,0.9974139940119094,0.9953608650409395
1548.9275537264082,0.9998688531130759,0.9974742405619231,0.9948928370082151
1548.919148248515,0.9998419603136184,0.9975530002918167,0.9944392022250333
1548.9107428618486,0.9998158626067016,0.9976485401812922,0.9940068513325951
1548.9023375664071,0.9997913298991739,0.9977589070442254,0.9936024468846675
1548.8939323621892,0.9997690300467373,0.9978819731004723,0.9932323108959153
1548.8855272491933,0.999749520439035,0.9980154831119673,0.9929023172679237
1548.8771222274183,0.9997332425887407,0.9981571021330777,0.9926177908019869
1548.8687172968623,0.9997205197107748,0.9983044629323095,0.9923834143704509
1548.8603124575238,0.9997115572118228,0.9984552121722251,0.9922031456712311
1548.851907709402,0.9997064459445937,0.998607054475606,0.9920801448332718
1548.8435030524943,0.9997051680226718,0.9987577935692596,0.9920167139822077
1548.8350984868,0.9997076049410581,0.9989053697723149,0.9920142497128706
1548.8266940123174,0.9997135477005117,0.9990478931877913,0.9920732092533845
1548.8182896290452,0.9997227085978273,0.9991836720609523,0.9921930909414745
1548.8098853369818,0.9997347343162589,0.9993112358822255,0.9923724294675084
1548.8014811361254,0.9997492199311186,0.999429352935059,0.9926088061679945
1548.7930770264747,0.9997657234349525,0.9995370421187694,0.9928988744763322
1548.7846730080287,0.9997837803898411,0.9996335790035471,0.9932384004509939
1548.7762690807854,0.9998029183201437,0.9997184962062102,0.9936223181037901
1548.7678652447432,0.9998226704810669,0.999791578296894,0.9940447990416763
1548.759461499901,0.9998425886636759,0.9998528515650467,0.9944993357117277
1548.7510578462573,0.9998622547321148,0.9999025690782402,0.9949788373053721
1548.7426542838102,0.9998812906320143,0.9999411915594993,0.9954757371353119
1548.7342508125585,0.9998993666545268,0.9999693646879297,0.9959821100476416
1548.7258474325008,0.9999162077944287,0.9999878934872094,0.9964897981883191
1548.7174441436357,0.9999315980944687,0.999997714510725,0.9969905432009774
1548.7090409459613,0.9999453829272934,0.9999998665551221,0.9974761227169293
1548.7006378394763,0.9999574692212612,0.9999954606428478,0.9979384888002775
1548.6922348241794,0.9999678236952444,0.999985650001083,0.9983699058604889
1548.6838319000692,0.9999764692196588,0.9999716007361237,0.9987630854356596
1548.6754290671436,0.9999834794717393,0.999954463859371,0.9991113152010038
1548.6670263254016,0.9999889720974208,0.9999353492613412,0.9994085795741053
1548.658623674842,0.9999931006303256,0.9999153021618209,0.9996496693745478
1548.6502211154625,0.9999960454497984,0.99989528248359,0.9998302781571491
1548.6418186472622,0.9999980040823938,0.9998761475100161,0.9999470830718514
1548.6334162702394,0.9999991811668365,0.9998586380937434,0.9999978084054305
1548.625013984393,0.9999997784078484,0.9998433685895239,0.9999812703265406
1548.616611789721,0.9999999848407732,0.9998308205854557,0.9998974017670929
1548.6082096862222,0.9999999677193897,0.9998213404146217,0.9997472568299723
1548.5998076738947,0.9999998643171741,0.9998151403355332,0.999532994583371
1548.591405752738,0.9999997749062616,0.9998123031848097,0.99925784258165
1548.5830039227494,0.9999997571432764,0.9998127902255414,0.9989260409216676
1548.5746021839282,0.9999998220500601,0.999816451845345,0.998542768078347
1548.5662005362726,0.9999999317316807,0.9998230406973725,0.9981140501606068
1548.5577989797816,0.9999999989242574,0.999832226827641,0.9976466555681183
1548.549397514453,0.9999998884121343,0.9998436142963921,0.9971479773020036
1548.5409961402856,0.9999994203004834,0.9998567587757149,0.9966259053886228
1548.5325948572781,0.9999983750753796,0.9998711855958465,0.9960886920041098
1548.524193665429,0.9999965003301478,0.9998864077135073,0.9955448119456931
1548.5157925647366,0.9999935189877596,0.9999019430925498,0.9950028210853987
1548.5073915551995,0.9999891388017643,0.9999173310143339,0.9944712153711354
1548.4989906368162,0.9999830628783595,0.999932146875498,0.9939582928135021
1548.4905898095856,0.9999750009259846,0.9999460150828531,0.9934720207308008
1548.4821890735054,0.9999646809123879,0.9999586197141224,0.9930199103245642
1548.4737884285746,0.9999518607889684,0.9999697126831432,0.992608900434647
1548.4653878747922,0.9999363399310257,0.9999791192224631,0.9922452520885625
1548.4569874121557,0.9999179699409911,0.9999867405761723,0.9919344552191263
1548.4485870406643,0.9998966644699971,0.9999925538754438,0.9916811486877308
1548.4401867603162,0.9998724077291828,0.9999966092535196,0.9914890545192242
1548.4317865711107,0.9998452613892679,0.99999902433178,0.9913609270342995
1548.423386473045,0.9998153695992447,0.9999999762900884,0.9912985173560461
1548.4149864661185,0.9997829619018238,0.9999996917944752,0.9913025535734936
1548.4065865503296,0.9997483538670551,0.9999984351259319,0.9913727366539423
1548.3981867256769,0.9997119453244522,0.9999964948980378,0.991507752021315
1548.3897869921584,0.9996742161315004,0.999994169795897,0.9917052965417684
1548.3813873497731,0.9996357194794514,0.9999917537960997,0.9919621204877129
1548.3729877985193,0.9995970728002213,0.9999895213448502,0.9922740838771975
1548.3645883383958,0.9995589464027254,0.9999877129751557,0.9926362264116434
1548.3561889694008,0.9995220500295261,0.9999865218320431,0.993042850054901
1548.3477896915329,0.9994871175803515,0.9999860815588799,0.993487613111736
1548.3393905047908,0.9994548903079115,0.9999864559558348,0.9939636344804714
1548.3309914091728,0.9994260988338208,0.9999876307833556,0.9944636065673683
1548.3225924046776,0.9994014443779985,0.9999895080225176,0.9949799151714421
1548.3141934913033,0.9993815796229755,0.9999919028441768,0.9955047644794947
1548.305794669049,0.9993670896606925,0.9999945434630207,0.9960303051610166
1548.297395937913,0.9993584734822706,0.9999970739778041,0.9965487634276912
1548.2889972978935,0.9993561264730899,0.9999990602166396,0.997052568829635
1548.2805987489894,0.9993603243722378,0.9999999985222728,0.9975344785130409
1548.272200291199,0.9993712091348315,0.9999993273297217,0.9979876956588261
1548.2638019245212,0.9993887771107959,0.9999964413057872,0.9984059798762877
1548.255403648954,0.9994128699161742,0.9999907077441207,0.9987837474313014
1548.247005464496,0.9994431683260178,0.9999814848357379,0.9991161593577065
1548.2386073711461,0.9994791894639533,0.9999681413736144,0.9993991957226236
1548.2302093689025,0.9995202875002399,0.9999500773950339,0.9996297145934129
1548.2218114577638,0.9995656580020839,0.9999267452223536,0.9998054945761875
1548.2134136377283,0.9996143460025372,0.9998976703361444,0.9999252601527835
1548.2050159087953,0.9996652577800309,0.99986247149503,0.9999886894320107
1548.1966182709623,0.9997171762537685,0.9998208795198245,0.9999964043221619
1548.1882207242284,0.9997687798217717,0.9997727541712776,0.9999499435335405
1548.1798232685917,0.9998186643836897,0.9997180985803067,0.9998517192013269
1548.1714259040516,0.9998653682097128,0.9996570707368447,0.9997049582731539
1548.1630286306056,0.9999073992444095,0.9995899915957107,0.9995136301313637
1548.1546314482525,0.9999432643582145,0.9995173494370272,0.999282362182353
1548.146234356991,0.9999715000032934,0.9994398001931619,0.9990163453724169
1548.13783735682,0.9999907036721948,0.9993581635519763,0.9987212317400157
1548.1294404477374,0.9999995655208548,0.9992734147408451,0.9984030262181732
1548.1210436297417,0.9999968994857105,0.9991866720018642,0.9980679749349755
1548.1126469028318,0.9999816732132084,0.9990991798723357,0.9977224522424649
1548.1042502670061,0.999953036119319,0.9990122884903915,0.9973728486344088
1548.095853722263,0.9999103449138423,0.9989274292469571,0.9970254615957069
1548.087457268601,0.9998531859570804,0.9988460872013936,0.9966863912742895
1548.0790609060186,0.9997813938646669,0.998769770765334,0.9963614426828588
1548.0706646345147,0.9996950658389723,0.9986999792395259,0.9960560359322558
1548.0622684540874,0.999594571283228,0.9986381688519831,0.9957751257803306
1548.0538723647353,0.999480556344344,0.9985857180020895,0.9955231315532097
1548.045476366457,0.9993539431276574,0.99854389245205,0.9953038782676382
1548.037080459251,0.9992159234379578,0.9985138112334997,0.9951205495583291
1548.0286846431159,0.9990679470109141,0.9984964140435617,0.994975652796772
1548.0202889180498,0.9989117043159181,0.9984924308993788,0.9948709965777011
1548.0118932840521,0.9987491041255547,0.998502354796952,0.9948076805526418
1548.0034977411203,0.9985822461598466,0.9985264180818052,0.9947860974045528
1547.9951022892535,0.9984133892174576,0.9985645731874003,0.9948059465814649
1547.98670692845,0.9982449153057595,0.9986164783295225,0.9948662592474172
1547.978311658709,0.9980792903678578,0.9986814886654903,0.9949654337570697
1547.9699164800277,0.9979190222801337,0.9987586533348229,0.9951012808205972
1547.9615213924055,0.9977666168575763,0.9988467186938328,0.9952710773998235
1547.9531263958409,0.9976245326496647,0.9989441379438195,0.9954716282584297
1547.9447314903325,0.9974951353439206,0.9990490872301357,0.995699333985995
1547.9363366758785,0.9973806526119581,0.9991594881610313,0.9959502642271157
1547.927941952477,0.9972831302363092,0.9992730365584036,0.9962202347752979
1547.9195473201275,0.9972043903375378,0.999387237125575,0.9965048871277767
1547.9111527788284,0.9971459925110432,0.9994994435620002,0.9967997690788549
1547.9027583285774,0.997109198622475,0.9996069035437627,0.9971004148967769
1547.8943639693737,0.9970949419774343,0.9997068078412156,0.9974024236585936
1547.8859697012153,0.9971038015076727,0.9997963427365257,0.9977015343454283
1547.8775755241015,0.9971359815466047,0.9998727447924001,0.9979936963707662
1547.8691814380302,0.9971912976839759,0.9999333569322248,0.9982751343077944
1547.860787443,0.9972691690966471,0.9999756847207976,0.9985424056986301
1547.8523935390094,0.997368617653797,0.9999974516829789,0.9987924509792654
1547.8439997260573,0.9974882739886134,0.999996652473024,0.9990226347174201
1547.8356060041417,0.9976263906138007,0.9999716027084916,0.999230777555058
1547.8272123732613,0.9977808620434413,0.9999209843120915,0.9994151784409308
1547.8188188334152,0.9979492517580498,0.9998438852655432,0.9995746269614727
1547.8104253846009,0.9981288257297802,0.9997398327657069,0.9997084057858008
1547.8020320268174,0.9983165920954482,0.9996088188889974,0.9998162834586624
1547.7936387600632,0.9985093464454232,0.9994513180111876,0.999898497978114
1547.7852455843372,0.9987037220737266,0.9992682953904516,0.9999557317873087
1547.7768524996372,0.9988962444206959,0.9990612065033326,0.9999890789790873
1547.7684595059623,0.9990833888355518,0.9988319869131378,1.0000000056631773
1547.7600666033106,0.9992616406899135,0.998583032653879,0.9999903045627626
1547.7516737916812,0.9994275567959788,0.9983171713107536,0.9999620450032712
1547.743281071072,0.9995778270196822,0.9980376241814969,0.9999175195114964
1547.7348884414816,0.9997093349388866,0.9977479600884829,0.9998591882771976
1547.726495902909,0.9998192163780887,0.9974520415898903,0.9997896227231027
1547.7181034553523,0.9999049146575532,0.9971539644954918,0.9997114494013088
1547.70971109881,0.9999642314295857,0.9968579917277018,0.999627295376035
1547.7013188332808,0.9999953720320763,0.9965684826838681,0.9995397361678322
1547.692926658763,0.999996984379378,0.9962898193387769,0.9994512472378329
1547.6845345752558,0.9999681905199402,0.9960263303895531,0.9993641598662193
1547.676142582757,0.9999086101270793,0.9957822147790633,0.9992806221521842
1547.667750681265,0.9998183753433889,0.9955614659428358,0.9992025657198684
1547.6593588707788,0.9996981365715685,0.9953677981110901,0.9991316785695242
1547.650967151297,0.9995490589871269,0.9952045759631629,0.9990693843652334
1547.6425755228177,0.9993728097397937,0.9950747488767159,0.9990168283034662
1547.6341839853394,0.9991715360008108,0.9949807909437945,0.9989748695624188
1547.625792538861,0.9989478342033041,0.9949246478402091,0.998944080195283
1547.617401183381,0.9987047110009865,0.9949076915365312,0.9989247502006882
1547.6090099188975,0.9984455366372278,0.9949306837294,0.9989168983852743
1547.6006187454093,0.998173991563593,0.9949937487529911,0.998920288524763
1547.592227662915,0.9978940072758058,0.9950963566003882,0.9989344502394796
1547.583836671413,0.9976097024348274,0.9952373165501543,0.9989587039180359
1547.5754457709018,0.9973253154242242,0.9954147817430022,0.9989921889638487
1547.5670549613799,0.9970451345421372,0.9956262649033414,0.9990338945889166
1547.5586642428461,0.9967734270588144,0.9958686652349081,0.9990826923548874
1547.5502736152985,0.9965143683683511,0.9961383063491898,0.999137369643757
1547.5418830787357,0.9962719724493153,0.9964309849058137,0.999196663251925
1547.5334926331566,0.9960500248036355,0.996742029459464,0.9992592923198451
1547.5251022785596,0.9958520189867022,0.9970663688174839,0.9993239898505543
1547.5167120149426,0.9956810977674558,0.997398609018463,0.9993895321278866
1547.508321842305,0.9955399998688186,0.9977331178525806,0.9994547654141974
1547.4999317606446,0.9954310131386752,0.9980641156600264,0.9995186293911033
1547.4915417699606,0.995355934898138,0.9983857709683653,0.9995801769048128
1547.4831518702508,0.9953160400959333,0.9986922993734254,0.9996385896783682
1547.4747620615142,0.9953120577823601,0.9989780639355134,0.9996931897659298
1547.4663723437493,0.9953441562922811,0.9992376752569748,0.9997434466379108
1547.4579827169546,0.9954119373997813,0.9994660893381905,0.999788979895877
1547.4495931811284,0.9955144395833546,0.999658701282324,0.9998295577354882
1547.4412037362692,0.9956501504049715,0.9998114329337653,0.999865091374151
1547.4328143823761,0.995817027878886,0.9999208126023407,0.9998956257638437
1547.4244251194468,0.9960125305711599,0.9999840451380255,0.9999213269984718
1547.4160359474804,0.9962336560379107,0.9999990707865771,0.999942466898194
1547.407646866475,0.9964769870769947,0.9999646114623847,0.9999594053183147
1547.3992578764298,0.9967387451374867,0.9998802033323577,0.999972570774769
1547.3908689773427,0.9970148501050339,0.9997462148811705,0.9999824400123147
1547.3824801692122,0.9973009855562716,0.9995638499513135,0.9999895171430143
1547.3740914520372,0.9975926684685698,0.9993351355694666,0.9999943129930426
1547.3657028258162,0.997885322264718,0.9990628947130181,0.9999973252631159
1547.3573142905473,0.9981743519871442,0.9987507044969894,0.999999020073415
1547.3489258462293,0.9984552203272348,0.9984028405770773,0.999999815417115
1547.340537492861,0.9987235231866939,0.9980242088538952,1.0000000669774751
1547.3321492304403,0.9989750634218354,0.9976202658225071,1.0000000566922764
1547.3237610589663,0.9992059214278934,0.9971969291237985,0.9999999843651466
1547.315372978437,0.9994125212462169,0.9967604800335044,0.9999999625295463
1547.3069849888514,0.999591690946336,0.9963174597405924,1.000000014684131
1547.298597090208,0.9997407161178267,0.9958745613531498,1.0000000769089226
1547.2902092825047,0.9998573854352946,0.9954385195938288,1.0000000027844689
1547.2818215657405,0.9999400274019394,0.9950160001367823,0.9999995714347073
1547.273433939914,0.9999875375533245,0.9946134904848652,0.999998498426897
1547.265046405024,0.9999993955903486,0.9942371941993513,0.9999964491778179
1547.256658961068,0.999975672118985,0.9938929301826741,0.9999930544427733
1547.2482716080453,0.9999170248884862,0.9935860385754932,0.9999879274023107
1547.2398843459544,0.9998246846366022,0.9933212946832284,0.9999806818092484
1547.2314971747937,0.9997004308668627,0.9931028321809389,0.9999709506272558
1547.2231100945617,0.9995465580863261,0.9929340766823376,0.9999584045658804
1547.2147231052568,0.999365833226156,0.9928176905863969,0.9999427699184581
1547.2063362068777,0.9991614451342584,0.9927555299458268,0.9999238451130302
1547.197949399423,0.9989369471764565,0.9927486139356907,0.9999015154186194
1547.189562682891,0.9986961941031361,0.9927971073312476,0.9998757652906806
1547.18117605728,0.9984432744234496,0.9929003162423774,0.99984668789395
1547.1727895225893,0.9981824395908296,0.9930566971856638,0.9998144914200437
1547.1644030788168,0.9979180313276323,0.993263879415064,0.9997795018899331
1547.156016725961,0.9976544084197024,0.9935187002607176,0.9997421622341299
1547.1476304640207,0.9973958742798275,0.9938172530625872,0.9997030275367327
1547.1392442929946,0.997146606529621,0.9941549471068964,0.9996627564355923
1547.1308582128806,0.9969105897732305,0.994526578802715,0.9996220987773485
1547.1224722236775,0.9966915526469259,0.9949264131520151,0.9995818797285931
1547.114086325384,0.9964929101217678,0.9953482743869673,0.9995429806499153
1547.1057005179987,0.9963177119171461,0.9957856444731906,0.9995063171288904
1547.0973148015198,0.9961685977607024,0.9962317679997209,0.9994728146616038
1547.0889291759459,0.9960477600940512,0.9966797618230235,0.9994433825443503
1547.0805436412754,0.9959569146945326,0.9971227276831899,0.9994188866031123
1547.0721581975074,0.9958972795441905,0.9975538658974507,0.9994001214386483
1547.0637728446397,0.9958695621458079,0.9979665881468177,0.9993877828967773
1547.0553875826713,0.9958739553534649,0.998354627319274,0.9993824414940466
1547.0470024116003,0.9959101416560051,0.998712142369981,0.9993845175258469
1547.038617331426,0.9959773057291025,0.9990338161943245,0.9993942585701849
1547.0302323421458,0.9960741549481206,0.9993149446015969,0.9994117200655812
1547.021847443759,0.9961989474406626,0.9995515146177739,0.9994367495915163
1547.0134626362644,0.9963495271444993,0.9997402705379052,0.999468975416956
1547.0050779196597,0.9965233652381874,0.9998787663798508,0.9995077998033811
1546.9966932939437,0.9967176072057314,0.9999654036811908,0.9995523974554754
1546.988308759115,0.9969291247188812,0.9999994538835936,0.999601719408171
1546.9799243151724,0.9971545714370866,0.9999810648882803,0.9996545025276885
1546.971539962114,0.9973904417629911,0.9999112517204741,0.999709284675004
1546.9631556999384,0.997633131538876,0.9997918715853787,0.999764425455183
1546.9547715286442,0.9978789996342033,0.9996255839446967,0.9998181323411917
1546.9463874482303,0.9981244293541361,0.999415796567068,0.9998684918239469
1546.9380034586945,0.9983658885990161,0.9991665987883279,0.9999135051129037
1546.9296195600357,0.9985999877195664,0.998882683482505,0.9999511277800778
1546.9212357522522,0.9988235340596718,0.9985692594355909,0.999979312626006
1546.9128520353431,0.9990335822258537,0.9982319559892238,0.9999960549361323
1546.9044684093064,0.9992274792144472,0.9978767219106738,0.9999994392061728
1546.8960848741408,0.9994029036195884,0.9975097205121434,0.9999876863383784
1546.8877014298446,0.9995578982669029,0.9971372230357061,0.9999592002569055
1546.8793180764167,0.9996908957499681,0.9967655022854857,0.9999126128598103
1546.8709348138552,0.9998007364909911,0.9964007284002989,0.9998468262155076
1546.8625516421591,0.9998866791014864,0.9960488685436371,0.999761050937318
1546.8541685613266,0.9999484029774333,0.9957155921397829,0.9996548397147066
1546.8457855713564,0.9999860032223821,0.9954061831150186,0.9995281150574579
1546.8374026722468,0.9999999781410319,0.9951254604261771,0.9993811904092025
1546.829019863996,0.9999912097063088,0.994877707954262,0.9992147839200799
1546.8206371466038,0.9999609375215752,0.9946666146601986,0.9990300243009829
1546.8122545200674,0.9999107269408973,0.994495225687351,0.9988284483683765
1546.8038719843858,0.9998424320961867,0.9943659049211269,0.9986119900345553
1546.7954895395576,0.9997581546810399,0.9942803093118967,0.9983829607186606
1546.7871071855814,0.9996601993939874,0.9942393750998091,0.9981440213067231
1546.7787249224555,0.9995510269890441,0.9942433159009294,0.997898146004621
1546.7703427501783,0.9994332058988619,0.994291632455483,0.9976485785890821
1546.7619606687485,0.9993093633945799,0.9943831336727881,0.9973987817442914
1546.753578678165,0.9991821372162488,0.9945159684706731,0.9971523803171066
1546.745196778426,0.9990541285738367,0.9946876677505125,0.9969130994679632
1546.7368149695296,0.9989278573549424,0.9948951957263681,0.996684698806618
1546.7284332514748,0.9988057203006849,0.9951350096900522,0.9964709036877395
1546.7200516242603,0.9986899528362311,0.9954031271765273,0.9962753349206643
1546.7116700878842,0.9985825951359909,0.9956951993851965,0.9961014381731365
1546.7032886423451,0.9984854629138443,0.9960065896096432,0.9959524143826792
1546.6949072876416,0.998400123317979,0.9963324553435947,0.9958311524817851
1546.6865260237726,0.9983278761974633,0.996667832663137,0.9957401657080345
1546.6781448507359,0.9982697409085508,0.9970077214347397,0.9956815327489147
1546.6697637685304,0.9982264487084012,0.9973471698714789,0.9956568448864279
1546.6613827771546,0.9981984406903124,0.9976813569596972,0.9956671602460313
1546.6530018766073,0.998185871108909,0.9980056713091062,0.9957129661493257
1546.6446210668864,0.9981886158526632,0.9983157850304553,0.9957941504650235
1546.636240347991,0.9982062857399118,0.9986077213374276,0.995909982728811
1546.6278597199191,0.9982382442278053,0.9988779146827506,0.9960591056615945
1546.61947918267,0.9982836290664145,0.9991232623918144,0.996239537575665
1546.6110987362413,0.9983413773626093,0.9993411669157006,0.9964486859852887
1546.602718380632,0.9984102534717108,0.9995295680321546,0.9966833725740217
1546.594338115841,0.9984888790983744,0.9996869645274795,0.9969398694878447
1546.5859579418661,0.9985757649574388,0.9998124251208577,0.9972139467188059
1546.5775778587063,0.9986693433384295,0.9999055886152642,0.9975009301577866
1546.5691978663597,0.9987680009071023,0.9999666535019638,0.9977957696621025
1546.5608179648254,0.998870111103061,0.9999963574479448,0.9980931162879071
1546.5524381541013,0.9989740654992006,0.9999959473271638,0.9983874076032694
1546.5440584341864,0.9990783035464408,0.9999671406213709,0.9986729597990379
1546.535678805079,0.9991813401580752,0.9999120791957944,0.9989440651125701
1546.5272992667778,0.999281790652602,0.9998332765840229,0.9991950928879607
1546.518919819281,0.9993783926359758,0.999733560021146,0.999420592455565
1546.5105404625876,0.9994700244864383,0.9996160085290342,0.9996153958788015
1546.5021611966956,0.999555720171966,0.9994838884074048,0.9997747185420036
1546.4937820216041,0.9996346802293193,0.9993405874750573,0.9998942554966493
1546.4854029373112,0.9997062788026345,0.9991895494003046,0.9999702715083034
1546.4770239438153,0.9997700667554473,0.9990342093800212,0.999999682798029
1546.4686450411152,0.9998257709288776,0.9988779323729996,0.9999801285914391
1546.4602662292095,0.9998732897228285,0.998723954971829,0.9999100307542201
1546.4518875080967,0.9999126852386929,0.998575331900628,0.9997886400247823
1546.4435088777748,0.999944172302387,0.9984348879664421,0.9996160676075214
1546.435130338243,0.9999681047371543,0.9983051761720342,0.999393301227961
1546.4267518894999,0.9999849593049037,0.99818844254294,0.9991222050618357
1546.4183735315432,0.9999953177728419,0.9980865980658544,0.9988055033302187
1546.4099952643721,0.9999998475903183,0.9980011979924642,0.9984467477118698
1546.4016170879852,0.9999992816742238,0.997933428609847,0.9980502690851889
1546.3932390023804,0.9999943977950683,0.997884101447184,0.9976211144486385
1546.3848610075568,0.9999859980700899,0.9978536547366452,0.9971649702013416
1546.3764831035123,0.9999748890231143,0.9978421618329045,0.9966880732228579
1546.3681052902466,0.9999618626569619,0.9978493461761176,0.9961971114427204
1546.3597275677569,0.9999476789357328,0.9978746022684865,0.9956991157722307
1546.3513499360424,0.999933050024134,0.9979170220544479,0.9952013454081443
1546.3429723951015,0.9999186265911155,0.9979754259846196,0.9947111686289987
1546.334594944933,0.9999049863786488,0.9980483980322018,0.9942359411741172
1546.3262175855348,0.9998926252380643,0.9981343238129147,0.9937828843790726
1546.317840316906,0.9998819507157028,0.998231430972474,0.9933589651015381
1546.3094631390447,0.999873278238024,0.9983378309653743,0.9929707794297954
1546.30108605195,0.9998668298717083,0.9984515613477795,0.9926244420329953
1546.29270905562,0.999862735569849,0.9985706277233416,0.9923254828622124
1546.284332150053,0.999861036765831,0.998693044505323,0.992078752769432
1546.275955335248,0.9998616921269385,0.998816873696711,0.9918883394590443
1546.2675786112036,0.9998645851998988,0.9989402609681389,0.9917574949811662
1546.2592019779177,0.9998695336829085,0.9990614683727327,0.9916885758530466
1546.250825435389,0.9998762999943984,0.9991789031284096,0.9916829967053271
1546.2424489836167,0.9998846027957358,0.9992911420033965,0.9917411981742522
1546.2340726225987,0.9998941291148699,0.9993969509529702,0.9918626296174222
1546.2256963523334,0.9999045467067773,0.9994952997473221,0.9920457470253932
1546.2173201728199,0.9999155162985897,0.9995853714936935,0.992288026361198
1546.2089440840564,0.99992670338243,0.9996665670170684,0.9925859923514794
1546.2005680860414,0.999937789220203,0.9997385042381004,0.9929352625831268
1546.1921921787732,0.9999484807953554,0.9998010127355649,0.9933306065555313
1546.1838163622508,0.9999585194135543,0.9998541238588258,0.9937660191347376
1546.1754406364728,0.9999676877739355,0.9998980567683012,0.9942348076371191
1546.167065001437,0.9999758153026349,0.999933200930544,0.9947296915280519
1546.1586894571426,0.9999827816658489,0.9999600956160409,0.9952429134991635
1546.1503140035877,0.9999885183631511,0.9999794070339554,0.9957663604092205
1546.1419386407713,0.9999930084203151,0.9999919037450805,0.9962916923514882
1546.1335633686915,0.9999962842239886,0.9999984310272242,0.9968104778649348
1546.1251881873468,0.9999984235990537,0.999999884861326,0.9973143330680146
1546.116813096736,0.9999995442885674,0.9999971861936313,0.9977950623462417
1546.1084380968578,0.9999997970268957,0.9999912560877509,0.9982447980395626
1546.1000631877102,0.9999993574461156,0.9999829923441541,0.9986561365111296
1546.091688369292,0.9999984170740146,0.9999732480997745,0.9990222679231365
1546.0833136416015,0.9999971737162424,0.9999628128666052,0.9993370970918437
1546.0749390046378,0.999995821545734,0.9999523963573523,0.9995953528941619
1546.066564458399,0.9999945411923961,0.9999426154185532,0.999792683838139
1546.0581900028833,0.9999934901869183,0.9999339842527034,0.99992573771173
1546.0498156380897,0.9999927940633411,0.9999269080429694,0.9999922234884131
1546.0414413640171,0.9999925384258423,0.999921680006286,0.9999909540636598
1546.033067180663,0.999992762251486,0.9999184818032145,0.9999218688233084
1546.0246930880267,0.999993452680313,0.9999173871435237,0.9997860355157183
1546.0163190861065,0.9999945414878499,0.9999183683607075,0.9995856313735584
1546.0079451749011,0.9999959033751591,0.9999213056547437,0.999323903898743
1545.9995713544085,0.9999973562247948,0.9999259986069959,0.9990051122704573
1545.9911976246278,0.999998663305159,0.9999321796141908,0.9986344506423726
1545.9828239855574,0.9999995374996065,0.9999395287158025,0.9982179551151619
1545.9744504371956,0.9999996474451681,0.9999476893852245,0.9977623963954673
1545.966076979541,0.9999986255017761,0.9999562847735587,0.9972751604630249
1545.9577036125922,0.9999960774047076,0.9999649338773966,0.9967641197672032
1545.9493303363479,0.9999915933329508,0.9999732671920107,0.9962374975157465
1545.9409571508063,0.9999847601995815,0.9999809413245953,0.9957037278008218
1545.932584055966,0.9999751747908764,0.999987652177921,0.9951713141419873
1545.9242110518255,0.9999624574590287,0.9999931462829463,0.9946486890583248
1545.9158381383838,0.9999462659630852,0.9999972299843598,0.994144077080715
1545.9074653156388,0.9999263090991852,0.9999997761985686,0.9936653634711609
1545.8990925835892,0.9999023597231923,1.0000007285592984,0.9932199706725212
1545.8907199422335,0.9998742667813282,1.000000102851104,0.9928147442972128
1545.8823473915706,0.9998419659894016,0.9999979856941443,0.99245585021347
1545.8739749315987,0.9998054888148311,0.9999945305262845,0.992148684033929
1545.8656025623163,0.9997649694399628,0.9999899510142123,0.9918977940778032
1545.857230283722,0.9997206494380433,0.9999845120764218,0.9917068186552669
1545.8488580958144,0.9996728799080873,0.9999785188233905,0.99157843828211
1545.840485998592,0.9996221209109022,0.9999723037085999,0.9915143432664034
1545.8321139920529,0.9995689380722234,0.9999662123118336,0.9915152168635449
1545.8237420761964,0.9995139963308944,0.9999605881678315,0.9915807340638318
1545.8153702510206,0.9994580507956701,0.9999557571487011,0.9917095757815546
1545.806998516524,0.9994019349345509,0.9999520118222354,0.9918994582330303
